insert into user (id, name) values (1, 'Roman');
insert into user (id, name) values (2, 'Bob');
insert into user (id, name) values (3, 'Carl');
insert into user (id, name) values (4, 'Dan');
insert into user (id, name) values (5, 'Emil');
insert into user (id, name) values (6, 'Frank');
insert into user (id, name) values (7, 'Glenda');


insert into picture (id, fullurl, thumburl, user_id) values (1, 'images/1230031.jpg',              'images/th/1230031.png',              1);
insert into picture (id, fullurl, thumburl, user_id) values (2, 'images/1235510.jpg',              'images/th/1235510.png',              1);
insert into picture (id, fullurl, thumburl, user_id) values (3, 'images/20141011_202318_5058.jpg', 'images/th/20141011_202318_5058.png', 1);
insert into picture (id, fullurl, thumburl, user_id) values (4, 'images/20141011_203208_5115.jpg', 'images/th/20141011_203208_5115.png', 1);
insert into picture (id, fullurl, thumburl, user_id) values (5, 'images/20141011_203509_5132.jpg', 'images/th/20141011_203509_5132.png', 1);
insert into picture (id, fullurl, thumburl, user_id) values (6, 'images/20141011_204346_5171.jpg', 'images/th/20141011_204346_5171.png', 1);
insert into picture (id, fullurl, thumburl, user_id) values (7, 'images/20141011_205644_5244.jpg', 'images/th/20141011_205644_5244.png', 1);
insert into picture (id, fullurl, thumburl, user_id) values (8, 'images/20141011_205812_5245.jpg', 'images/th/20141011_205812_5245.png', 1);
insert into picture (id, fullurl, thumburl, user_id) values (9, 'images/20141011_210304_5260.jpg', 'images/th/20141011_210304_5260.png', 1);
insert into picture (id, fullurl, thumburl, user_id) values (10,'images/20141011_210700_5267.jpg', 'images/th/20141011_210700_5267.png', 1);
insert into picture (id, fullurl, thumburl, user_id) values (11,'images/20141011_213735_5309.jpg', 'images/th/20141011_213735_5309.png', 1);
insert into picture (id, fullurl, thumburl, user_id) values (12,'images/20141017_210214_6490.jpg', 'images/th/20141017_210214_6490.png', 1);
insert into picture (id, fullurl, thumburl, user_id) values (13,'images/20141017_210940_6542.jpg', 'images/th/20141017_210940_6542.png', 1);
insert into picture (id, fullurl, thumburl, user_id) values (14,'images/20141017_211116_6553.jpg', 'images/th/20141017_211116_6553.png', 1);
insert into picture (id, fullurl, thumburl, user_id) values (15,'images/20141017_212038_6611.jpg', 'images/th/20141017_212038_6611.png', 1);
insert into picture (id, fullurl, thumburl, user_id) values (16,'images/20141017_213111_6633.jpg', 'images/th/20141017_213111_6633.png', 1);
insert into picture (id, fullurl, thumburl, user_id) values (17,'images/20141017_213641_6677.jpg', 'images/th/20141017_213641_6677.png', 1);
insert into picture (id, fullurl, thumburl, user_id) values (18,'images/20141017_214013_6688.jpg', 'images/th/20141017_214013_6688.png', 1);
insert into picture (id, fullurl, thumburl, user_id) values (19,'images/20141017_214112_6702.jpg', 'images/th/20141017_214112_6702.png', 1);
insert into picture (id, fullurl, thumburl, user_id) values (20,'images/5DM33554.jpg',             'images/th/5DM33554.png',             1);
insert into picture (id, fullurl, thumburl, user_id) values (21,'images/5DM33638.jpg',             'images/th/5DM33638.png',             1);
insert into picture (id, fullurl, thumburl, user_id) values (22,'images/5DM33862.jpg',             'images/th/5DM33862.png',             1);
insert into picture (id, fullurl, thumburl, user_id) values (23,'images/DSC_0194.jpg',             'images/th/DSC_0194.png',             1);
insert into picture (id, fullurl, thumburl, user_id) values (24,'images/DSC_0270.jpg',             'images/th/DSC_0270.png',             1);
insert into picture (id, fullurl, thumburl, user_id) values (25,'images/IMG_3794.jpg',             'images/th/IMG_3794.png',             1);
insert into picture (id, fullurl, thumburl, user_id) values (26,'images/IMG_3797.jpg',             'images/th/IMG_3797.png',             1);
insert into picture (id, fullurl, thumburl, user_id) values (27,'images/IMG_3798.jpg',             'images/th/IMG_3798.png',             1);
insert into picture (id, fullurl, thumburl, user_id) values (28,'images/IMG_3805.jpg',             'images/th/IMG_3805.png',             1);
insert into picture (id, fullurl, thumburl, user_id) values (29,'images/IMG_3810.jpg',             'images/th/IMG_3810.png',             1);
insert into picture (id, fullurl, thumburl, user_id) values (30,'images/IMG_3821.jpg',             'images/th/IMG_3821.png',             1);
insert into picture (id, fullurl, thumburl, user_id) values (31,'images/IMG_3827.jpg',             'images/th/IMG_3827.png',             1);
insert into picture (id, fullurl, thumburl, user_id) values (32,'images/IMG_3842.jpg',             'images/th/IMG_3842.png',             1);
insert into picture (id, fullurl, thumburl, user_id) values (33,'images/IMG_3848.jpg',             'images/th/IMG_3848.png',             1);
insert into picture (id, fullurl, thumburl, user_id) values (34,'images/her10.jpg',                'images/th/her10.png',                1);
insert into picture (id, fullurl, thumburl, user_id) values (35,'images/her9.jpg',                 'images/th/her9.png',                 1);


insert into tag (id, name) values (1, "music");
insert into tag (id, name) values (2, "live");
insert into tag (id, name) values (3, "roman");
insert into tag (id, name) values (4, "berni");
insert into tag (id, name) values (5, "isabell");
insert into tag (id, name) values (6, "willi");
insert into tag (id, name) values (7, "bandfest");
insert into tag (id, name) values (8, "hanau");
insert into tag (id, name) values (9, "monochrome");
insert into tag (id, name) values (10, "seproject");



insert into picture_tag (picture_id, tags_id) values (1,1), (1,2), (1,3), (1,4), (1,7), (1,9);
insert into picture_tag (picture_id, tags_id) values (2,1), (2,2), (2,3), (2,4), (2,5), (2,6), (2,7);
insert into picture_tag (picture_id, tags_id) values (3,1), (3,2), (3,3), (3,7);
insert into picture_tag (picture_id, tags_id) values (4,1), (4,2), (4,6), (4,7);
insert into picture_tag (picture_id, tags_id) values (5,1), (5,2), (5,4), (5,7) ,(5,9);
insert into picture_tag (picture_id, tags_id) values (6,1), (6,2);
insert into picture_tag (picture_id, tags_id) values (7,1), (7,2);
insert into picture_tag (picture_id, tags_id) values (8,1), (8,2);
insert into picture_tag (picture_id, tags_id) values (9,1), (9,2);
insert into picture_tag (picture_id, tags_id) values (10,1), (10,2);

insert into picture_tag (picture_id, tags_id) values (20,1), (20,2), (20,5);
insert into picture_tag (picture_id, tags_id) values (21,1), (21,2), (21,3), (21,9);
insert into picture_tag (picture_id, tags_id) values (22,1), (22,2), (22,3), (22,4), (22,5);
 
insert into picture_tag (picture_id, tags_id) values (25,10), (25,3);
insert into picture_tag (picture_id, tags_id) values (26,10), (26,3);
insert into picture_tag (picture_id, tags_id) values (27,10), (27,3);
insert into picture_tag (picture_id, tags_id) values (28,10), (28,3);
insert into picture_tag (picture_id, tags_id) values (29,10);
insert into picture_tag (picture_id, tags_id) values (30,10);
insert into picture_tag (picture_id, tags_id) values (31,10);
insert into picture_tag (picture_id, tags_id) values (32,10);
insert into picture_tag (picture_id, tags_id) values (33,10), (33,3);

insert into picture_tag (picture_id, tags_id) values (34,1), (34,2), (34,6), (34,7);
insert into picture_tag (picture_id, tags_id) values (35,1), (35,2), (35,3), (35,7);

